{"cameraMode":{"drawMode":0,"name":"Shaded","section":"Shading Mode"},"sceneLighting":true,"audioPlay":false,"sceneViewState":{"showFog":true,"showMaterialUpdate":false,"showSkybox":true,"showFlares":true,"showImageEffects":true,"showParticleSystems":true},"in2DMode":false,"pivot":{"x":-15.596805572509766,"y":-2.901897668838501,"z":-1.9223674535751343},"rotation":{"x":-0.39333364367485049,"y":0.12543326616287232,"z":-0.05426561087369919,"w":-0.9091835618019104},"size":56.12997055053711,"orthographic":false}